City_ID,City,Country,Max Temp,Current Description,Lat,Lng,Hotel Name
1,Mogadishu,SO,80.64,broken clouds,2.04,45.34,Hotel Juba
3,Atuona,PF,77.22,few clouds,-9.8,-139.03,Villa Enata
16,Cockburn Town,TC,81.63,overcast clouds,21.46,-71.14,Osprey Beach Hotel
17,Akyab,MM,79.09,clear sky,20.15,92.9,Hotel Memory
20,Zhuhai,CN,75.2,clear sky,22.28,113.57,Áè†Êµ∑Á≤§Ë¥¢ÂÅáÊó•ÈÖíÂ∫ó
26,Vilhena,BR,78.8,broken clouds,-12.74,-60.15,Hotel Mirage
27,Butaritari,KI,81.59,scattered clouds,3.07,172.79,Isles Sunset Lodge
29,Pokaran,IN,76.05,very heavy rain,26.92,71.92,Motel Pokaran - RTDC
33,Labuan,MY,80.6,few clouds,5.28,115.24,Tiara Labuan Hotel
39,Ternate,ID,80.55,broken clouds,0.8,127.4,Grand Dafam Bela Ternate
40,Dingle,PH,75.43,overcast clouds,11.0,122.67,SEGAYA PROPERTY
43,Sao Filipe,CV,82.04,scattered clouds,14.9,-24.5,Tortuga B&B
47,Cayenne,GF,89.6,clear sky,4.93,-52.33,H√¥tel Le Dronmi
48,Harper,LR,80.96,light rain,4.38,-7.72,Screensaver
59,El Alto,PE,78.8,clear sky,-4.27,-81.21,Black Marlin Lodge & Restaurant
62,Arraial Do Cabo,BR,84.2,scattered clouds,-22.97,-42.03,Pousada Porto Praia
67,Arouca,TT,87.01,shower rain,10.63,-61.33,Palms Hotel Trinidad
70,Esmeralda,CU,84.2,heavy intensity rain,21.85,-78.12,campismo las palmas
78,Bengkulu,ID,76.03,light rain,-3.8,102.27,Grage Hotel Bengkulu
84,Saint-Philippe,RE,75.2,clear sky,-21.36,55.77,"Chambres d'h√¥te ""La Trinit√©"""
87,Kapaa,US,78.8,few clouds,22.08,-159.32,Sheraton Kauai Resort at Coconut Beach
89,Tevaitoa,PF,79.18,light rain,-16.78,-151.5,H√¥tel Raiatea Lodge
93,Bibiani,GH,82.71,light rain,6.46,-2.32,Rodick Hotel
94,Santiago Del Estero,AR,81.0,overcast clouds,-27.8,-64.26,Hotel Urbano
97,Itarema,BR,89.01,few clouds,-2.92,-39.92,Windvillage
112,Coruripe,BR,82.6,scattered clouds,-10.13,-36.18,Pousada e Hotel Litoral Sul
113,Rio Grande City,US,82.99,clear sky,26.38,-98.82,La Borde House
116,Matara,LK,79.66,moderate rain,5.95,80.54,Amaloh Boutique Resort
118,Nizwa,OM,75.47,scattered clouds,22.93,57.53,Orient Apartments
119,Bambanglipuro,ID,78.55,overcast clouds,-7.95,110.28,Puri Brata
120,Bermejo,AR,82.4,clear sky,-32.88,-68.8,Hotel Mendoza
121,Bilma,NE,75.42,clear sky,18.69,12.92,Expeditions T√©n√©re voyages
123,Carnot,CF,77.22,broken clouds,4.94,15.87,
124,Cavalcante,BR,86.47,broken clouds,-13.8,-47.46,Pousada Vila dos Ip√™s
125,Praia,CV,84.2,clear sky,14.92,-23.51,LT Aparthotel
126,Prieska,ZA,77.74,scattered clouds,-29.66,22.75,Avenue GuestHouse
131,Casa Nova,BR,87.8,scattered clouds,-9.42,-41.13,Pousada e Restaurante Dona Xinha
132,Georgetown,MY,78.8,few clouds,5.41,100.34,Cititel Penang
133,Havelock,US,75.99,broken clouds,34.88,-76.9,Sherwood Motel
138,Tuxtla Gutierrez,MX,77.0,few clouds,16.75,-93.12,"Hotel del Carmen en Tuxtla Gutierrez, en el Centro de Tuxtla"
140,Mocuba,MZ,87.6,few clouds,-16.84,36.99,Phama Lodge
142,Saint-Leu,RE,75.2,clear sky,-21.15,55.28,La Caz Oceane
143,Biltine,TD,85.44,clear sky,14.53,20.92,H√¥tel Trois √âtoiles de Biltine
144,Kisangani,CD,76.48,overcast clouds,0.52,25.2,Grand Ramela Hotel
145,Paragominas,BR,85.15,overcast clouds,-2.97,-47.48,HOTEL RODA VIVA
147,Kavieng,PG,81.12,light rain,-2.57,150.8,Nusa Island Retreat
153,Belmonte,BR,84.2,few clouds,-15.86,-38.88,Pousada Monte Carmelo O P√£o
154,Luxor,EG,75.2,clear sky,25.7,32.64,Iberotel Luxor
155,Ambulu,ID,77.07,overcast clouds,-8.35,113.61,Hotel Ambulu Jember
156,Sechura,PE,77.02,broken clouds,-5.56,-80.82,Hospedaje Costa Bella
163,Caravelas,BR,83.68,overcast clouds,-17.71,-39.25,Pousada dos Navegantes
165,Boke,GN,89.22,clear sky,10.94,-14.3,H√¥tel Rio Nunez - Bok√©
166,San Juan,AR,85.42,clear sky,-31.54,-68.54,Hotel Provincial
168,Saint-Pierre,RE,75.2,clear sky,-21.34,55.48,Lindsey H√¥tel
173,Hobyo,SO,81.12,scattered clouds,5.35,48.53,Osmani Hotel
174,Basco,PH,78.62,overcast clouds,20.45,121.97,Nathaniel's Lodge
178,Rancho Veloz,CU,75.2,broken clouds,22.88,-80.39,
187,Carolina,PR,87.01,shower rain,18.38,-65.96,Motel Fantasy Star
189,Am Timan,TD,84.81,clear sky,11.03,20.28,Palais du chef Canton Salamt
190,Kalabo,ZM,87.49,overcast clouds,-14.97,22.68,Sikakubete Guest House Kalabo Town Council
193,Cuamba,MZ,86.38,few clouds,-14.8,36.54,Hotel Vision
195,Kerema,PG,77.2,light rain,-7.96,145.78,Elore Lodge
200,Antsohihy,MG,82.45,light rain,-14.88,47.99,Hotel de Ville
202,Katherine,AU,86.0,few clouds,-14.47,132.27,Pine Tree Motel
209,Lafia,NG,84.15,broken clouds,8.48,8.52,Low Cost Housing Estate
211,Castro,BR,84.11,scattered clouds,-24.79,-50.01,CHACARA BAILLY
212,Pointe Michel,DM,78.8,light intensity shower rain,15.25,-61.38,Castle Comfort Lodge Dive Dominica
217,Abu Zabad,SD,81.28,overcast clouds,12.35,29.25,ŸÖÿ≠Ÿä ÿßŸÑÿØŸäŸÜ ŸÜŸàÿ±Ÿä
219,Hithadhoo,MV,83.97,heavy intensity rain,-0.6,73.08,Scoop Guest House
220,Yurimaguas,PE,87.8,scattered clouds,-5.9,-76.08,Rio Huallaga Hotel & Business Center
231,Aloleng,PH,79.66,overcast clouds,16.13,119.78,Agno Umbrella Rocks
234,Morros,BR,90.41,overcast clouds,-9.45,-46.3,
235,Pangai,TO,76.39,light rain,-19.8,-174.35,Ha'apai Beach Resort
236,El Rosario,MX,86.0,clear sky,24.26,-107.18,Mi casa
237,Kirakira,SB,81.03,moderate rain,-10.45,161.92,SanBiz Lodge
238,Touros,BR,78.8,shower rain,-5.2,-35.46,INN NEW HORIZON
239,Salalah,OM,82.4,clear sky,17.02,54.09,HAMDAN PLAZA HOTEL
241,Tabou,CI,81.23,light rain,4.42,-7.35,hot√™l doufoulougou
247,Bubaque,GW,83.43,few clouds,11.28,-15.83,"Casa Dora, Bubaque"
249,Edd,ER,84.52,clear sky,13.93,41.69,
252,Jitra,MY,77.0,few clouds,6.27,100.42,Hotel Darulaman
261,Riyadh,SA,80.6,clear sky,24.69,46.72,InterContinental Riyadh
262,San Policarpo,PH,79.66,moderate rain,12.18,125.51,Zal-Ann Beach Resort
267,Rincon,US,80.01,broken clouds,32.3,-81.24,Bent tree subdivision
268,Port-Gentil,GA,82.4,broken clouds,-0.72,8.78,Fengshui Residence
271,Waingapu,ID,80.65,overcast clouds,-9.66,120.26,Pondok Wisata Elim
273,San Andres,CO,82.4,shower rain,12.58,-81.7,Hotel Arena Blanca
274,Umm Lajj,SA,78.66,clear sky,25.02,37.27,Moon light Furnished Units
280,Katobu,ID,75.15,overcast clouds,-4.94,122.53,La Ode Husein
291,Lorengau,PG,80.83,overcast clouds,-2.02,147.27,Lorengau Harbourside Hotel
295,Conceicao Da Barra,BR,83.12,broken clouds,-18.59,-39.73,Cricar√© Praia Hotel
297,Pundaguitan,PH,82.74,overcast clouds,6.37,126.17,Leonardo Family Beach House 1
299,Acarau,BR,89.67,few clouds,-2.89,-40.12,castelo pizzaria
304,Sao Miguel Do Araguaia,BR,93.09,overcast clouds,-13.28,-50.16,Hotel Executivo Palace
308,Wyndham,US,75.99,clear sky,37.7,-77.61,Hilton Richmond Hotel & Spa/Short Pump
310,Port Moresby,PG,78.8,broken clouds,-9.44,147.18,Lamana Hotel
311,Nabire,ID,76.28,overcast clouds,-3.37,135.48,Hotel Nusantara Nabire
319,Srivardhan,IN,76.53,clear sky,18.03,73.02,Savli Resort/Hotel - Shrivardhan
320,Ippy,CF,75.69,broken clouds,6.27,21.22,
322,Kandrian,PG,78.19,moderate rain,-6.22,149.55,Kandrian Station
325,Samarai,PG,79.11,light rain,-10.62,150.67,Nuli Sapi
327,Taoudenni,ML,90.66,scattered clouds,22.68,-3.98,
335,Birao,CF,81.3,clear sky,10.28,22.79,
336,Talara,PE,78.8,clear sky,-4.58,-81.27,Hostal Oro Negro
339,Viedma,AR,79.0,overcast clouds,-40.81,-63.0,Hotel Cristal
342,Ndola,ZM,81.84,broken clouds,-12.96,28.64,Chabanga Lodge iSpot
347,Cabo San Lucas,MX,81.0,clear sky,22.89,-109.91,Hotel Tesoro Los Cabos
348,Beloha,MG,77.27,clear sky,-25.17,45.05,
349,Coronel Bogado,PY,78.8,overcast clouds,-27.18,-56.3,Ganaderia ATASA
352,Lazaro Cardenas,MX,84.47,few clouds,17.96,-102.2,Collection O Hotel Quinta Antigua
353,Adrar,MR,91.85,clear sky,20.5,-10.07,
363,Namatanai,PG,80.37,overcast clouds,-3.67,152.43,Namatanai Hotel
364,Paita,PE,78.8,clear sky,-5.09,-81.11,Hotel N√°utico de Paita
366,Yangambi,CD,75.06,overcast clouds,0.81,24.43,
370,Benjamin Constant,BR,84.2,scattered clouds,-4.38,-70.03,CASA AVALIADA
371,Sao Felix Do Xingu,BR,92.91,overcast clouds,-6.64,-51.99,Apart Hotel Rio Xingu
375,Dwarka,IN,81.03,clear sky,22.24,68.97,Hotel Narayan Avezika Comfort
378,Avera,US,77.0,broken clouds,33.19,-82.53,
389,Denpasar,ID,82.4,few clouds,-8.65,115.22,ASTON Denpasar Hotel & Convention Center
393,Yacuiba,BO,82.4,broken clouds,-22.04,-63.68,Hotel Monumental
394,Tucuman,AR,80.6,scattered clouds,-26.82,-65.22,Dallas Hotel Tucuman
397,Sola,VU,81.46,light rain,-13.88,167.55,Ulkel Guest House
400,Dakoro,NE,82.62,few clouds,14.51,6.76,boukha ag ghamran
404,Dutse,NG,79.59,clear sky,11.76,9.34,Kaci
407,Santa Isabel,BR,87.8,clear sky,-23.32,-46.22,Ch√°cara Sombra do Alt√≠ssimo
408,Atambua,ID,75.54,overcast clouds,-9.11,124.89,Pondok Pesantren Al Muhajirin Atambua
409,Ormara,PK,77.49,clear sky,25.21,64.64,
411,Gizo,SB,82.49,light rain,-8.1,156.84,Imagination Island
416,Axim,GH,81.5,light rain,4.87,-2.24,AXIM BEACH RESORT AND SPA
420,Pemangkat,ID,76.37,overcast clouds,1.17,108.97,Kost H.Syamsuddin
421,Diffa,NE,80.42,clear sky,13.32,12.61,ProDAF/Diffa
423,Harlingen,US,82.0,few clouds,26.19,-97.7,Courtyard by Marriott Harlingen
427,Sehithwa,BW,85.57,broken clouds,-20.47,22.72,MONLEK GUEST HOUSE
433,Bawku,GH,90.77,overcast clouds,11.06,-0.24,Ultimate Guest House
434,Tuxpan,MX,77.0,clear sky,19.55,-103.4,Hotel y Restaurante Campestre La Caba√±a
436,Illela,NG,85.05,few clouds,13.73,5.3,
442,San Cristobal,VE,86.0,scattered clouds,7.77,-72.22,Pirineos
444,Marawi,PH,75.0,overcast clouds,8.0,124.29,Derogongan Residence
445,Yamandu,SL,85.05,overcast clouds,7.94,-11.49,
447,Sao Joao Da Barra,BR,84.2,broken clouds,-21.64,-41.05,Pousada Porto De Canoas
448,Tamandare,BR,80.74,scattered clouds,-8.76,-35.1,Pousada 100 Passos
452,Acapulco,MX,84.2,clear sky,16.86,-99.89,HS Hotsson Smart Acapulco
454,Escarcega,MX,83.88,few clouds,18.61,-90.75,Hotel Maria Isabel
457,San Patricio,US,82.99,scattered clouds,28.02,-97.52,"Motel 6 Sinton, TX"
459,Faanui,PF,78.24,broken clouds,-16.48,-151.75,Bora-Bora Pearl Beach Resort & Spa
462,Bima,ID,78.6,overcast clouds,-8.47,118.72,Lambitu Hotel
463,Santa Cruz,BO,82.4,heavy intensity rain,-17.8,-63.17,Hotel Cortez
466,Banda Aceh,ID,79.23,overcast clouds,5.56,95.32,OYO 884 Rumoh PMI Hotel
467,Sibu,MY,75.2,scattered clouds,2.3,111.82,RH HOTEL (4 Star)
469,La Union,PE,83.84,broken clouds,-5.4,-80.75,Los Portales
470,Moussoro,TD,84.78,clear sky,13.64,16.49,Pharmacie alnadja Moussoro
471,Liwale,TZ,81.84,broken clouds,-9.77,37.93,Samoma Lodge
476,Pocri,PA,82.4,scattered clouds,8.27,-80.55,Residencial D Cache
482,Vanimo,PG,79.75,overcast clouds,-2.67,141.3,Vahmoneh Lodge Vanimo
485,Sinnar,SD,85.05,broken clouds,13.57,33.57,ŸÅŸÜÿØŸÇ ÿßŸÑÿ±ÿ¥ŸäÿØ
488,Cururupu,BR,85.12,overcast clouds,-1.83,-44.87,Pousada Trav√©s'cia
490,Sinnamary,GF,85.73,scattered clouds,5.38,-52.95,ALETHEIA Appartement Sinnamary
494,Yaan,NG,84.25,few clouds,7.38,8.57,
496,Puerto Carreno,CO,90.61,scattered clouds,6.19,-67.49,Casa Hotel Victoria
498,Saint-Georges,GD,86.0,scattered clouds,12.06,-61.75,Siesta Hotel
499,Balotra,IN,77.95,clear sky,25.83,72.23,Hotel City Square
500,Lusaka,ZM,83.93,broken clouds,-15.41,28.29,InterContinental Lusaka
503,Kavaratti,IN,83.77,overcast clouds,10.57,72.64,Hotels in Lakshadweep Islands
504,Vila Velha,BR,87.8,few clouds,-20.33,-40.29,Hotel Vit√≥ria Palace
512,Conde,BR,86.0,broken clouds,-7.26,-34.91,Pousada Beija Flor
528,Honiara,SB,77.0,few clouds,-9.43,159.95,Heritage Park Hotel
531,Trinidad,BO,86.0,broken clouds,-14.83,-64.9,Hotel Piesta
534,Marsh Harbour,BS,79.3,broken clouds,26.54,-77.06,Abaco Beach Resort
536,Alta Floresta,BR,92.89,light rain,-9.88,-56.09,Floresta Amazonica Hotel
546,Catuday,PH,78.8,light rain,16.29,119.81,GResort
547,Soyo,AO,78.35,overcast clouds,-6.13,12.37,Hotel Mpampa
550,Ratnagiri,IN,77.05,clear sky,16.98,73.3,Hotel Landmark
555,Majene,ID,79.39,overcast clouds,-3.54,118.97,Kost Putri RABBANI
556,Rawson,AR,79.74,scattered clouds,-43.3,-65.1,Hotel Punta Le√≥n
560,Agbor,NG,81.14,light rain,6.25,6.19,MIRAMAS HOTEL
562,Yulara,AU,78.8,broken clouds,-25.24,130.99,Desert Gardens Hotel - Ayers Rock Resort
563,Kongoussi,BF,90.27,clear sky,13.33,-1.53,Hotel T√™ed Wende
566,Bathsheba,BB,86.0,shower rain,13.22,-59.52,Atlantis Hotel
567,Russell,US,75.2,broken clouds,32.35,-85.2,Macs
569,Cabo Rojo,PR,88.0,overcast clouds,18.09,-67.15,Hotel Perichi's
572,Kailua,US,78.8,broken clouds,21.4,-157.74,Sheffield House Bed & Breakfast
575,Passo De Camaragibe,BR,78.8,shower rain,-9.24,-35.49,Pousada Divino Milagre
578,Coari,BR,89.74,broken clouds,-4.08,-63.14,HOTEL ALEX FLAT
579,Effium,NG,84.58,scattered clouds,6.63,8.06,
581,Mecca,SA,81.46,clear sky,21.43,39.83,Hotel Fairmont Makkah Clock Royal Tower
584,Upington,ZA,78.8,clear sky,-28.45,21.26,River Place Manor
586,Nacala,MZ,79.68,scattered clouds,-14.54,40.67,Nacala Plaza Business Design Hotel
588,Serra,BR,87.8,few clouds,-20.13,-40.31,Interior do Estado do Espirito Santo
594,Guarapari,BR,86.0,moderate rain,-20.67,-40.5,Hotel Porto do Sol
595,Torit,SS,76.28,light rain,4.41,32.57,Diplomat Guest House
597,Puerto Escondido,MX,86.0,few clouds,15.85,-97.07,Aldea del Bazar Hotel and Spa
599,Muncar,ID,77.38,overcast clouds,-8.43,114.33,Zaky Homestay
603,Ubatuba,BR,93.2,few clouds,-23.43,-45.07,Hotel Pousada Dellamares
605,Sur,OM,77.9,clear sky,22.57,59.53,Sur Plaza Hotel
608,Guanare,VE,89.51,overcast clouds,9.04,-69.74,Nuevo Hotel Coromoto
609,Porbandar,IN,80.26,clear sky,21.64,69.61,Lords Inn Porbandar
617,Davila,PH,79.57,overcast clouds,18.47,120.58,SITIO 3 DAVILA PASUQUIN
625,Kintampo,GH,85.82,overcast clouds,8.06,-1.73,Adomaa Memorial Hotel
626,Dekar,BW,89.74,few clouds,-21.53,21.93,
629,Baracoa,CU,86.09,broken clouds,20.35,-74.5,Hostal Rio Miel
631,Manyana,BW,85.44,broken clouds,-23.4,21.72,
635,Ixtapa,MX,82.0,clear sky,20.7,-105.2,Container Inn Puerto Vallarta
636,Brownsville,US,82.4,scattered clouds,25.9,-97.5,Hotel Alameda Express
641,Trelew,AR,86.2,scattered clouds,-43.25,-65.31,Hotel Touring Club
642,Daru,PG,79.45,light rain,-9.08,143.21,New century hotel
643,Piacabucu,BR,82.54,scattered clouds,-10.41,-36.43,Pia√ßabu√ßu News
648,Tomatlan,MX,87.8,clear sky,19.93,-105.25,Norma franco
649,Ligayan,PH,84.02,broken clouds,4.65,119.47,
650,Oranjestad,AW,78.8,scattered clouds,12.52,-70.03,Divi Village Golf & Beach Resort
651,Goure,NE,82.99,clear sky,13.98,10.27,
652,Ugoofaaru,MV,84.04,overcast clouds,5.67,73.0,Ungoofaaru Inn
653,Kalmunai,LK,79.29,light rain,7.42,81.82,VS Villa
655,High Rock,BS,82.4,broken clouds,26.62,-78.28,Ocean Pearl Bonefishing Resort
661,Kankan,GN,91.09,few clouds,10.39,-9.31,Hotel Bate
662,Pochutla,MX,84.99,broken clouds,15.74,-96.47,Hotel Posada San Jose
665,Pandan,PH,81.32,light rain,14.05,124.17,Bonifacio Lodge
668,Buala,SB,80.29,clear sky,-8.14,159.59,Maringe Lagoon Lodge
679,Port Charlotte,US,81.0,light rain,26.98,-82.09,Days Inn by Wyndham Port Charlotte Town Center
680,Benguela,AO,80.6,few clouds,-12.58,13.41,Hotel Praia Morena
685,Kutum,SD,75.27,clear sky,14.2,24.67,Dibbo areaŸÖŸÜÿ∑ŸÇÿ© ÿØÿ®Ÿà
686,Mercedes,AR,77.0,overcast clouds,-34.65,-59.43,Posada del Inti Centro
693,Altamira,BR,89.6,broken clouds,-3.2,-52.21,Requinte Hotel
696,Sao Gabriel Da Cachoeira,BR,94.73,overcast clouds,-0.13,-67.09,Alarne - √Årea De Lazer Do Alto Rio Negro
697,Buraydah,SA,75.2,overcast clouds,26.33,43.98,M√∂venpick Hotel Qassim
698,Barberton,ZA,82.4,clear sky,-25.79,31.05,Barberton B&B
699,Ouro Fino,BR,87.8,few clouds,-22.28,-46.37,Hotel Fazenda Ouro Park
700,Teacapan,MX,85.37,clear sky,22.55,-105.75,Hotel los Mangos
702,Kismayo,SO,81.66,light rain,-0.36,42.55,Agan-Hotel
706,Vila Do Maio,CV,84.2,clear sky,15.13,-23.22,Residence 'I Delfini'
708,Beboto,TD,81.18,scattered clouds,8.27,16.94,
709,Arawa,PG,77.83,overcast clouds,-6.21,155.54,Coastline Guest House
712,Sattahip,TH,77.0,few clouds,12.67,100.9,Makmai Sailom Heights
715,Montelibano,CO,83.39,moderate rain,7.98,-75.42,Montel√≠bano Plaza Hotel
719,Boma,GH,83.62,overcast clouds,7.08,-2.17,Obaatanpa Hotel
720,Bintulu,MY,77.0,scattered clouds,3.17,113.03,900 Boutique INN
721,Les Cayes,HT,82.33,broken clouds,18.2,-73.75,Villa Orphee
725,Kupang,ID,81.3,overcast clouds,-10.17,123.58,Sylvia Hotel Premier Kupang
727,Teshie,GH,84.2,few clouds,5.58,-0.11,ANAIVEH SERVICES
729,Maine-Soroa,NE,82.17,clear sky,13.21,12.02,
730,Road Town,VG,86.0,scattered clouds,18.42,-64.62,"ZINGARA 76ft Catamaran, full crew-all included"
733,Sabang,ID,81.39,overcast clouds,5.89,95.32,Hotel Citra
737,Dabakala,CI,88.05,overcast clouds,8.37,-4.43,H√¥tel Campement
739,Vieux-Habitants,GP,82.4,overcast clouds,16.06,-61.77,G√Ætes Dardanelle
742,Angra Dos Reis,BR,75.96,broken clouds,-23.01,-44.32,Mercure Angra dos Reis
744,Mvuma,ZW,83.8,broken clouds,-19.28,30.53,
748,San-Pedro,CI,81.81,overcast clouds,4.75,-6.64,Hotel Maria
749,Kyaikkami,MM,79.07,clear sky,16.08,97.57,Happy Family Kyaikkami
751,Hambantota,LK,77.0,thunderstorm,6.12,81.12,Bungalow 63
752,Lasem,ID,80.51,moderate rain,-6.69,111.45,"Nyah Lasem | Museum, Guest House & Community Center"
754,Odweyne,SO,75.18,clear sky,9.41,45.06,Eng Hiirey House
755,Abu Dhabi,AE,82.4,clear sky,24.47,54.37,Beach Rotana
760,Senador Jose Porfirio,BR,90.07,scattered clouds,-2.59,-51.95,MORADA DO SOL pousada
764,Omboue,GA,76.93,overcast clouds,-1.57,9.26,Hotel Olako
769,Tiruchchendur,IN,83.03,broken clouds,8.48,78.12,Hotel Udhayam International
771,Radhanpur,IN,77.61,clear sky,23.83,71.6,YASH HOTEL
772,Eyl,SO,79.74,clear sky,7.98,49.82,Amiin Hotel
773,Christiana,ZA,80.2,broken clouds,-27.91,25.16,At-Neli Guesthouse
776,Thinadhoo,MV,83.97,overcast clouds,0.53,72.93,
779,Ocamonte,CO,77.72,scattered clouds,6.34,-73.12,lo sentimos ya no estamos funcionando
782,Neuquen,AR,75.2,scattered clouds,-38.95,-68.06,Hotel del Comahue
788,Alice Springs,AU,82.4,broken clouds,-23.7,133.88,Desert Palms Alice Springs
793,Guiglo,CI,83.7,light rain,6.55,-7.5,domicile de boub√© TTK
794,Bull Savanna,JM,80.64,few clouds,17.89,-77.59,Big Red's
796,Calabozo,VE,86.99,overcast clouds,8.92,-67.43,Hotel Giardini
804,Tame,CO,87.35,scattered clouds,6.46,-71.73,Hospedaje Santa Ana
805,Bandarbeyla,SO,77.52,clear sky,9.49,50.81,REER XOOSHLE GROUP
809,Broken Hill,AU,78.8,broken clouds,-31.95,141.43,Daydream Motel & Cottages
814,Loanda,AO,78.8,scattered clouds,-8.84,13.23,EPIC SANA Luanda
817,Ojinaga,MX,78.8,clear sky,29.57,-104.42,Suites Las Palmas
821,Mwense,ZM,81.03,overcast clouds,-10.38,28.7,GrandPalm Lodge
823,Kingston,JM,86.0,light rain,18.0,-76.79,The Jamaica Pegasus Hotel
827,Kadhan,PK,80.08,clear sky,24.48,68.99,⁄≥ŸàŸ∫ ⁄ÜŸà⁄åÿ±Ÿä ÿ¨ŸÑÿßŸÑ ÿßŸÑÿØŸäŸÜ ÿ¨ŸΩ
828,Nanakuli,US,78.8,clear sky,21.39,-158.15,Camp PƒÅlehua
830,Samdari,IN,76.15,clear sky,25.82,72.58,Karnoba Ki Dhani
832,Port Hedland,AU,77.0,clear sky,-20.32,118.57,The Esplanade Hotel
833,Veraval,IN,79.32,clear sky,20.9,70.37,Lords Inn Somnath
834,Elizabeth City,US,77.0,clear sky,36.29,-76.25,Hampton Inn Elizabeth City
836,Tessalit,ML,83.44,few clouds,20.2,1.01,
838,Robertsport,LR,81.46,scattered clouds,6.75,-11.37,Kwepunha Retreat
839,Luwuk,ID,77.27,overcast clouds,-0.95,122.79,Hotel Santika Luwuk
840,Iaciara,BR,90.91,broken clouds,-14.1,-46.63,Hotel Matinha
842,Bloemfontein,ZA,78.8,few clouds,-29.12,26.21,Protea Hotel by Marriott Bloemfontein
843,Choma,ZM,82.22,broken clouds,-16.81,26.95,Kamuboola Lodge
844,Fare,PF,78.75,overcast clouds,-16.7,-151.02,Maitai Lapita Village Huahine
862,Castanos,MX,80.01,clear sky,26.78,-101.42,Bomberos voluntarios casta√±os coahuila
864,Bosaso,SO,79.57,few clouds,11.28,49.18,Red Sea Hotel
865,Puerto Madryn,AR,76.23,overcast clouds,-42.77,-65.04,Hotel Tolosa
866,Campos,BR,84.2,broken clouds,-21.75,-41.3,Palace Hotel
869,Lakhtar,IN,77.63,clear sky,22.85,71.78,Firdaus Society
870,Lethem,GY,90.59,scattered clouds,3.38,-59.8,Savannah Inn
872,Houma,US,78.01,broken clouds,29.6,-90.72,Courtyard by Marriott Houma
879,San Miguel,SV,80.6,scattered clouds,13.48,-88.18,Excalibur
880,Minab,IR,80.6,haze,27.15,57.08,ŸÅÿ±Ÿàÿ¥⁄ØÿßŸá ŸÖŸàÿ®ÿß€åŸÑ ÿ™ÿ±⁄©ŸÖÿßŸÜ€å
881,Amapa,BR,94.8,clear sky,1.0,-52.0,
886,Nouadhibou,MR,75.2,clear sky,20.93,-17.03,El Medina
888,Kudahuvadhoo,MV,84.29,overcast clouds,2.67,72.89,Kudahuvadhoo Retreat
898,Lukulu,ZM,85.53,broken clouds,-14.37,23.24,Ruth Guest House
903,Renigunta,IN,78.8,few clouds,13.65,79.52,Appanna Rest House
904,Tres Arroyos,AR,81.77,overcast clouds,-38.37,-60.28,Habitacion Triple con ba√±o y entrada privada
905,Oistins,BB,86.0,shower rain,13.07,-59.53,Butterfly Beach Hotel
908,Ouadda,CF,75.47,broken clouds,8.08,22.4,
910,Lubango,AO,84.2,scattered clouds,-14.92,13.49,Hotel Serra da Chela
911,Ende,ID,78.96,overcast clouds,-8.84,121.66,Dwi Putra Hotel - Ende
914,Padang,ID,77.83,overcast clouds,-0.95,100.35,Mercure Padang
921,Cozumel,MX,82.99,broken clouds,20.51,-86.95,Cozumel Palace¬Æ All Inclusive Resort
926,Choix,MX,78.89,light rain,26.71,-108.32,Hotel Montesclaros
928,Labuhan,ID,80.06,overcast clouds,-6.88,112.21,bador sepret
930,Mayumba,GA,75.72,overcast clouds,-3.43,10.66,LIKWALE LODGE
937,Chabahar,IR,78.8,mist,25.29,60.64,Ÿáÿ™ŸÑ ⁄ØÿØÿ±Ÿàÿ¥€åÿß
951,Longonjo,AO,75.61,broken clouds,-12.91,15.25,
952,Ca Mau,VN,75.18,overcast clouds,9.18,105.15,Kh√°ch S·∫°n M∆∞·ªùng Thanh Luxury C√† Mau
970,Kilindoni,TZ,80.87,light rain,-7.91,39.67,Bustani B&B
972,Hurghada,EG,77.0,clear sky,27.26,33.81,Sea Star Beau Rivage Hotel
974,Riachao Das Neves,BR,89.31,broken clouds,-11.75,-44.91,Pousada da sol
978,Kidal,ML,82.53,clear sky,18.44,1.41,
979,Puerto Ayacucho,VE,88.03,moderate rain,5.66,-67.62,Posada Turistica Manapiare
980,Guanica,PR,86.0,overcast clouds,17.97,-66.91,Copamarina Beach Resort & Spa
984,Koumra,TD,83.68,scattered clouds,8.91,17.55,Motel Espoir
985,Filingue,NE,88.45,broken clouds,14.35,3.32,
986,Palmas,BR,93.2,scattered clouds,-10.21,-48.36,Hotel Lago da Palma
987,Bajil,YE,83.44,clear sky,15.06,43.29,ŸÅŸÜÿØŸÇ ÿßŸÑÿµŸÇÿ± ÿßŸÑÿ≥Ÿäÿßÿ≠Ÿä
989,Arlit,NE,81.1,clear sky,18.74,7.39,H√¥tel Telwa Bungalow
991,Barreirinhas,BR,90.9,few clouds,-2.75,-42.83,Gran Len√ß√≥is Flat Residence
997,Champerico,GT,78.8,scattered clouds,14.3,-91.92,"Hotel y restaurante ""El Diamante"""
999,Natal,BR,78.8,shower rain,-5.79,-35.21,Villa Park Hotel | Natal
1000,Pangoa,PE,93.83,broken clouds,-12.12,-73.0,
1002,Rockport,US,78.8,clear sky,28.02,-97.05,Holiday Inn Express & Suites Rockport - Bay View
1003,Mizque,BO,80.19,light rain,-17.94,-65.34,Hotel Mizque
1006,Cukai,MY,77.0,overcast clouds,4.25,103.42,OYO 90038 Dalyla Inn Chalet
1007,Jamame,SO,80.26,scattered clouds,0.07,42.75,
1014,Pampierstad,ZA,82.58,broken clouds,-27.78,24.69,BAROLONG METHODIST CHURCH
1015,Male,MV,84.2,broken clouds,4.17,73.51,Hotel Octave Maldives
1016,Gawler,AU,79.0,light rain,-34.6,138.73,Eagle Foundry Bed & Breakfast
1018,Praya,CV,84.2,clear sky,14.92,-23.51,LT Aparthotel
1021,Lumeje,AO,81.07,broken clouds,-11.55,20.78,
1025,Saint-Joseph,RE,75.2,clear sky,-21.37,55.62,"""Plantation Bed and Breakfast"
1026,Sambava,MG,75.72,light rain,-14.27,50.17,Melrose
1029,Tecoanapa,MX,85.57,scattered clouds,16.52,-98.75,Hotel Manglares
1032,Kribi,CM,79.05,broken clouds,2.95,9.92,Les Vagues bleues
1037,West Bay,KY,81.0,broken clouds,19.37,-81.42,Calypso Cove
1040,Catia La Mar,VE,86.18,overcast clouds,10.6,-67.03,HOTEL PLAYA GRANDE CARIBE
1045,Union De Tula,MX,75.69,clear sky,19.97,-104.27,Hotel San Gabriel
1046,Ormond Beach,US,75.2,moderate rain,29.29,-81.06,Royal Floridian Resort By Spinnaker Resorts
1048,Marihatag,PH,77.67,overcast clouds,8.79,126.3,Mariner's Place & Resort
1050,Boa Vista,BR,87.8,broken clouds,2.82,-60.67,Aipana Plaza Hotel
1053,Richmond,US,75.99,few clouds,37.55,-77.46,Holiday Inn Express Richmond - Downtown
1055,Jeremoabo,BR,85.06,broken clouds,-10.07,-38.48,
1057,Tombouctou,ML,89.19,scattered clouds,20.0,-3.0,
1058,Bara,NG,89.6,haze,10.37,10.73,
1059,Ganta,LR,83.41,broken clouds,7.3,-8.53,
1062,Biak,ID,76.73,overcast clouds,-0.91,122.88,Kost Ariz
1065,Miraflores,MX,75.2,clear sky,19.22,-98.81,Hotel Mansi√≥n
1068,Maiduguri,NG,81.55,scattered clouds,11.85,13.16,College of Nursing & Midwifery Female's Hostel
1079,Aguie,NE,81.9,broken clouds,13.51,7.78,
1082,Nacozari,MX,82.99,clear sky,25.34,-108.26,
1085,Tsabong,BW,86.47,broken clouds,-26.02,22.4,Springbok Motel
1086,Riohacha,CO,85.77,scattered clouds,11.54,-72.91,Hotel Taroa
1087,Osmena,PH,82.08,moderate rain,10.52,119.93,Arjemarkyza Lodge
1090,Santa Rosa De Aguan,HN,78.8,broken clouds,15.95,-85.72,
1096,Balikpapan,ID,78.37,broken clouds,-1.27,116.83,Grand Jatra Hotel Balikpapan
1102,Kabalo,CD,76.68,light rain,-6.05,26.92,
1103,Fonte Boa,BR,82.85,moderate rain,-2.5,-66.27,
1109,Tessaoua,NE,82.71,scattered clouds,13.76,7.99,Benin Dan Kaabou Heberge
1111,Jaru,BR,86.58,light rain,-10.44,-62.47,Hotel Paran√°
1113,Asyut,EG,75.2,clear sky,27.18,31.18,Florence Hotel Assiut
1115,Phalodi,IN,76.82,clear sky,27.13,72.37,"HOTEL NEW GOLDEN PALACE , PHALODI"
1117,Trincomalee,LK,81.81,moderate rain,8.57,81.23,Welcombe Hotel
1121,Ciudad Bolivar,VE,85.84,light rain,8.12,-63.55,Hotel Edi
1123,Lagos,NG,86.0,broken clouds,6.58,3.75,
1127,Vallenar,CL,85.69,clear sky,-28.57,-70.76,Humacao Bed & Breakfast
1130,Araouane,ML,89.6,clear sky,18.9,-3.53,
1133,Port Blair,IN,80.76,light rain,11.67,92.75,Fortune Resort Bay Island
1135,Kodinar,IN,77.13,clear sky,20.79,70.7,"Hotel Krishna Park, Kodinar"
1140,Puerto Colombia,CO,86.0,scattered clouds,10.99,-74.95,Hotel El Emigrante
1142,Jacareacanga,BR,94.68,broken clouds,-6.22,-57.75,Casa do Ianüòé
1145,Muisne,EC,84.2,scattered clouds,0.6,-80.03,Quinta Samay
1148,Calama,CL,75.2,clear sky,-22.47,-68.93,Park Hotel Calama
1152,Aguadilla,PR,87.8,moderate rain,18.43,-67.15,WSSM Surf House
1154,Wajir,KE,82.87,scattered clouds,1.75,40.06,Al- Amin lodge
1155,Meulaboh,ID,77.45,overcast clouds,4.14,96.13,Kost Pria
1157,Ko Samui,TH,81.34,light rain,9.54,99.94,"The Passage Samui Villas & Resort, Thailand"
1159,Mildura,AU,77.0,light rain,-34.2,142.15,Mercure Hotel Mildura
1163,Oak Ridge,US,75.99,clear sky,36.01,-84.27,DoubleTree by Hilton Hotel Oak Ridge - Knoxville
1165,Pascagoula,US,80.6,broken clouds,30.37,-88.56,Regency Inn
1166,Marrakesh,MA,75.2,few clouds,31.63,-8.01,Les Jardins de La Koutoubia
1171,Keti Bandar,PK,78.4,clear sky,24.14,67.45,Haji laloo memon house
1173,Mabaruma,GY,82.62,light rain,8.2,-59.78,
1174,Ambilobe,MG,78.26,scattered clouds,-13.2,49.05,H√¥tel & Restaurant DIANA Ambilobe
1176,Lagunas,PE,88.93,light rain,-5.23,-75.68,Hospedaje Eco
1178,Tual,ID,83.89,light rain,-5.67,132.75,Grand Vilia Hotel
1180,Maumere,ID,81.37,moderate rain,-8.62,122.21,Sylvia Hotel
1184,Lichinga,MZ,78.8,few clouds,-13.31,35.24,Residencial Bendiak
1185,Camopi,GF,93.97,clear sky,3.17,-52.32,
1186,Iquitos,PE,80.6,broken clouds,-3.75,-73.25,Cortez Malaga Techy Caroly
1188,Nyimba,ZM,91.31,broken clouds,-14.56,30.81,Dali Dali Lodge
1189,Celestun,MX,79.86,light rain,20.87,-90.4,Posada Lilia
1192,El Tigre,VE,84.88,light rain,8.89,-64.25,Hotel Santa Cruz
1196,Murfreesboro,US,78.01,scattered clouds,35.85,-86.39,Holiday Inn Express Murfreesboro Central
1200,Luena,AO,76.15,broken clouds,-11.78,19.92,Hotel Kandamba
1201,Pucallpa,PE,87.8,broken clouds,-8.38,-74.55,Hotel Sol de Oriente - Pucallpa
1203,San Matias,BO,89.87,moderate rain,-16.37,-58.4,"HOTEL ""SAN JOSE"""
1210,Coahuayana,MX,77.0,clear sky,18.73,-103.68,Hotel Los Arcos
1211,Ambon,ID,78.01,overcast clouds,-3.7,128.18,Swiss-Belhotel Ambon
1221,Tamale,GH,92.19,overcast clouds,9.4,-0.84,Tap Hotel
1222,Maningrida,AU,79.02,overcast clouds,-12.07,134.27,Dhukurrdji Lodge
1223,Mlonggo,ID,80.4,light rain,-6.53,110.7,Asia Metal Art
1225,Inhambane,MZ,86.0,clear sky,-23.86,35.38,Oceano
1229,Aitape,PG,79.11,overcast clouds,-3.14,142.35,
1230,Ayna,PE,75.2,few clouds,-12.65,-73.92,
1233,Conceicao Do Araguaia,BR,92.59,broken clouds,-8.26,-49.26,Tarum√£ Tropical Hotel
1234,Beira,MZ,82.4,few clouds,-19.84,34.84,Beira Terrace Hotel
1240,Nouakchott,MR,91.81,broken clouds,18.09,-15.98,H√¥tel Iman
1246,Agua Verde,MX,87.01,clear sky,22.9,-106.05,
1247,Ampanihy,MG,84.78,few clouds,-24.7,44.75,Angora Hotel
1250,Vieux Fort,LC,80.6,broken clouds,13.72,-60.95,QR Quality Rooms Cedar Palm Villa
1253,Kapoeta,SS,82.76,light rain,4.77,33.59,Eastgate Hotel
1255,Takoradi,GH,81.68,scattered clouds,4.88,-1.76,Raybow International Hotel
1258,Okitipupa,NG,80.2,overcast clouds,6.5,4.78,Coastal Hotel & Suites
1259,Jibuti,DJ,82.4,clear sky,11.5,42.5,Orchid Main Camp Goubet
1262,Rayong,TH,78.01,few clouds,12.83,101.43,Purimas Beach Hotel
1264,Bontang,ID,78.4,broken clouds,0.13,117.5,Okra Leaf Guest House Syariah
1267,Norton,ZW,84.99,scattered clouds,-17.88,30.7,Chingwara Mansion
1279,Bushehr,IR,82.4,clear sky,28.97,50.84,Yas Hotel
1283,Manggar,ID,80.62,overcast clouds,-2.88,108.27,Guest Hotel
1287,Bairiki,KI,80.6,few clouds,1.33,172.98,Tarawa Boutique Hotel
1290,Phuket,TH,84.99,broken clouds,8.0,98.25,The Surin Phuket
1292,Bodden Town,KY,81.0,broken clouds,19.28,-81.25,Will T Place
1300,Nortelandia,BR,85.59,overcast clouds,-14.45,-56.8,Hotel Karysm√£
1304,Andros Town,BS,84.2,scattered clouds,24.7,-77.77,Hanks place
1308,Olinda,BR,84.2,scattered clouds,-8.01,-34.86,Hotel 5 S√≥is
1313,Bela Vista Do Paraiso,BR,95.0,moderate rain,-23.0,-51.19,Hotel Pasettu's
1315,Nueva Gorgona,PA,84.2,scattered clouds,8.55,-79.87,Coronado Luxury Club & Suites
1316,Erzin,TR,75.0,broken clouds,36.96,36.2,Artemis Otel
1317,Manaure,CO,85.06,few clouds,11.78,-72.44,Del mar vendra
1319,Simbahan,PH,82.98,overcast clouds,6.3,120.58,
1320,Kloulklubed,PW,75.2,broken clouds,7.04,134.26,Storyboard Beach Resort
1324,Rock Sound,BS,80.44,clear sky,24.9,-76.2,Rock Sound Club
1326,Domoni,KM,77.47,broken clouds,-12.26,44.53,Loulou
1331,Auki,SB,78.33,scattered clouds,-8.77,160.7,Auki Motel
1336,Nhulunbuy,AU,78.8,broken clouds,-12.23,136.77,East Arnhem Real Estate
1337,Canutama,BR,93.45,overcast clouds,-6.53,-64.38,Hotel Jhennifer
1339,Upata,VE,84.54,broken clouds,8.01,-62.4,Posada Villa Nela
1341,Nueva Loja,EC,84.2,clear sky,0.08,-76.88,Limoncocha Great Hotel
1342,Tshane,BW,82.13,light rain,-24.02,21.87,
1344,Galle,LK,80.87,heavy intensity rain,6.04,80.22,Amangalla
1345,Manzanillo,CU,85.57,clear sky,20.34,-77.12,Adrian & Tonia
1349,Kattivakkam,IN,80.6,few clouds,13.22,80.32,St. Joseph Thirumana mandapam
1350,Iguguno,TZ,76.24,overcast clouds,-4.57,34.63,
1354,Cartagena,CO,84.22,broken clouds,10.4,-75.51,Costa Del Sol
1357,Tatawin,TN,77.0,few clouds,32.93,10.45,Sangho Privilege Tataouine
1359,Mandera,KE,87.46,broken clouds,3.94,41.87,Kornesh Hotel and Lodging
1363,Santa Ines,BR,88.43,broken clouds,-3.67,-45.38,HOTEL TOP
1366,Ahuimanu,US,78.8,broken clouds,21.44,-157.84,Paradise Bay Resort
1368,Shenzhen,CN,75.0,light rain,22.55,114.07,Shun Hing Square
1369,Anloga,GH,87.8,few clouds,5.79,0.9,Pin Drop Hotel
1370,Edgewater,US,75.99,mist,28.99,-80.9,Islander Beach Resort
1371,Iracoubo,GF,85.05,scattered clouds,5.48,-53.2,Le Gite D Iracoubo
1373,Savannah Bight,HN,78.8,broken clouds,16.45,-85.85,Villa on Dunbar Rock
1382,Saurimo,AO,75.7,broken clouds,-9.66,20.39,Hotel Kawissa Saurimo
1383,Posse,BR,88.29,overcast clouds,-14.09,-46.37,Pousada das Palmeiras
1391,Alappuzha,IN,81.79,moderate rain,9.49,76.33,Panoramic Sea Resort
1392,Sumenep,ID,82.81,overcast clouds,-7.02,113.87,OYO 3271 Homestay Pandian
1401,Senanga,ZM,85.33,broken clouds,-16.12,23.27,Christopher Nasilele House
1402,Esmeraldas,BR,93.2,broken clouds,-19.76,-44.31,Hotel Fazenda Lagoa Azul
1407,Ruston,US,75.2,broken clouds,32.52,-92.64,"Country Inn & Suites by Radisson, Ruston, LA"
1410,Venado Tuerto,AR,82.0,overcast clouds,-33.75,-61.97,La Bianca.
1414,Karachi,PK,75.2,clear sky,24.91,67.08,Hillside Homes
1416,Breves,BR,91.98,scattered clouds,-1.68,-50.48,Hotel e Restaurante Grill
1417,Puerto Narino,CO,84.2,moderate rain,-3.77,-70.38,Eware Refugio Amazonico
1419,Gambela,ET,78.66,clear sky,8.25,34.58,Solomon Debebe Hotel
1421,Aripuana,BR,90.07,very heavy rain,-9.17,-60.63,
1423,Kalemie,CD,76.41,overcast clouds,-5.95,29.19,Mahobilali
1429,Monze,ZM,84.36,broken clouds,-16.28,27.48,Sera's Lodge
1431,Reconquista,AR,79.72,broken clouds,-29.15,-59.65,Grand Hotel
1434,The Valley,AI,86.0,scattered clouds,18.22,-63.06,CeBlue Villas & Beach Resort
1438,Pontes E Lacerda,BR,77.36,overcast clouds,-15.23,-59.34,Hotel Bressan
1446,Gondanglegi,ID,77.76,overcast clouds,-7.75,112.01,Gg. Munasir Homestay
1449,Tayu,ID,80.74,overcast clouds,-6.54,111.05,Toko pakaian bu is Tayu
1452,Kroonstad,ZA,76.77,light rain,-27.65,27.23,Travel Inn Kroonstad
1457,Carutapera,BR,82.98,broken clouds,-1.2,-46.02,Lidera
1459,Bukama,CD,82.15,overcast clouds,-9.2,25.85,
1460,Acacias,CO,80.85,broken clouds,3.99,-73.76,Hotel Iraq√∫a
1461,Raga,SS,80.82,few clouds,8.46,25.68,
1466,Acajutla,SV,78.8,few clouds,13.59,-89.83,Stop.
1468,Tutoia,BR,89.6,few clouds,-2.76,-42.27,Pousada Guar√°'s
1469,Ilorin,NG,87.39,overcast clouds,8.5,4.55,SITY INN
1470,Santarem,BR,89.6,few clouds,-2.44,-54.71,Hotel Imperador
1471,Holly Springs,US,75.0,few clouds,35.65,-78.83,Hampton Inn & Suites Holly Springs
1473,Abnub,EG,75.2,clear sky,27.27,31.15,ŸÖÿ≥ÿ¨ÿØ ÿßŸÑÿÆÿ∑ÿ®ÿ©
1480,Malpe,IN,82.4,mist,13.35,74.72,Hotel Sri Krishna Residency
1483,Aden,YE,80.04,clear sky,12.78,45.04,Sama Emirate Hotel
1484,Santa Rosa,PH,80.01,heavy intensity rain,14.31,121.11,Erlyn‚Äôs Sta Rosa City Home
1491,San Rafael,AR,82.67,few clouds,-34.62,-68.33,Hotel San Rafael
1494,Horizontina,BR,77.0,light rain,-27.63,-54.31,Hotel Avenida
1496,Ascension,US,78.8,scattered clouds,30.22,-90.9,Highland Inn
1499,Kralendijk,BQ,87.8,broken clouds,12.15,-68.27,Divi Flamingo Beach Resort & Casino
1500,Yanam,IN,82.4,haze,16.73,82.22,The Regency Hotel
1501,Kangaba,ML,93.72,clear sky,11.93,-8.42,H√¥tel Mand√©
1502,Gwanda,ZW,89.69,broken clouds,-20.93,29.0,Mafax Homeways
1503,Cotonou,BJ,86.0,scattered clouds,6.37,2.42,Novotel Cotonou Orisha
1508,Maragogi,BR,79.9,broken clouds,-9.01,-35.22,Salinas do Maragogi All Inclusive Resort
1510,Dori,BF,90.25,few clouds,14.04,-0.03,Oasis Annexe
1515,Umm Kaddadah,SD,82.72,few clouds,13.6,26.69,
1517,Santa Isabel Do Rio Negro,BR,88.97,overcast clouds,-0.41,-65.02,Hotel GSA
1518,Mwinilunga,ZM,80.38,broken clouds,-11.74,24.43,Kwakuwahi Lodge
1519,Guiratinga,BR,92.05,light rain,-16.35,-53.76,Hotel Angra do Cerrado - Guiratinga MT
1521,Arukutti,IN,84.2,mist,9.87,76.35,Ramada Resort by Wyndham Kochi
1523,Kathu,TH,84.99,broken clouds,7.92,98.33,Novotel Phuket Resort
1524,Gaoua,BF,91.09,overcast clouds,10.3,-3.25,
1526,Porto Novo,BJ,86.0,scattered clouds,6.5,2.6,Tour Eiffel Hotel Benin
1527,Beinamar,TD,81.32,few clouds,8.67,15.38,
1528,Kununurra,AU,80.6,broken clouds,-15.77,128.73,Hotel Kununurra
1530,Moa,CU,86.5,scattered clouds,20.66,-74.94,Renta en Divisa
1531,Kampot,KH,78.8,few clouds,10.62,104.18,Champa Lodge
1533,Gaoual,GN,93.36,clear sky,11.75,-13.2,Hotel koliba
1534,Coron,PH,79.23,scattered clouds,12.0,120.2,Coron Westown Resort
1541,Acopiara,BR,93.2,broken clouds,-6.1,-39.45,Pousada E Restaurante Deus & Cia
1542,Makakilo City,US,78.8,clear sky,21.35,-158.09,Marriott's Ko Olina Beach Club
1547,Jam Sahib,PK,75.2,smoke,26.3,68.63,Al Madina
1550,Manokwari,ID,79.36,broken clouds,-0.87,134.08,Swiss Belhotel Manokwari
1558,Felipe Carrillo Puerto,MX,84.88,few clouds,19.58,-88.05,Hotel La Ceiba
1559,Mtama,TZ,76.95,scattered clouds,-10.3,39.37,
1562,Suarez,CO,84.0,light rain,2.95,-76.7,Hotel Estrella Dorada
1563,Sao Jose Da Coroa Grande,BR,80.46,scattered clouds,-8.9,-35.15,Cr√¥a Mares Hotel
1567,Palatka,US,81.0,overcast clouds,29.65,-81.64,Holiday Inn Express & Suites Palatka Northwest
1568,Savalou,BJ,90.01,broken clouds,7.93,1.98,Hotel F&F
1570,Chalmette,US,77.0,clear sky,29.94,-89.96,Marina Motel Chalmette
1572,Bumbuna,SL,81.77,few clouds,9.05,-11.73,Joel Inn
1577,Bayonet Point,US,82.99,overcast clouds,28.33,-82.68,Holiday Inn Express & Suites Port Richey
1579,Palimbang,PH,79.12,broken clouds,6.21,124.19,Felmar Beach resort
1580,Berbera,SO,81.16,clear sky,10.44,45.01,Damal Hotel
1581,Paramirim,BR,86.95,broken clouds,-13.44,-42.24,Pousada Rio Pequeno
1582,Tiruttani,IN,80.6,few clouds,13.18,79.61,Karthikeyan Cottages
1584,Balabac,PH,80.73,light rain,7.99,117.06,Sing and Swing Lodge
1585,Chadiza,ZM,84.07,scattered clouds,-14.07,32.44,Sankhani Lodge
1586,Soure,BR,86.02,broken clouds,-0.72,-48.52,Hotel Maraj√≥
1600,Kuching,MY,75.2,scattered clouds,1.55,110.33,Hilton Kuching
1606,Sungairaya,ID,77.94,overcast clouds,0.7,108.9,808 artel
1607,Songea,TZ,82.4,few clouds,-10.68,35.65,mtakuja
1610,Srandakan,ID,78.6,overcast clouds,-7.94,110.25,Puri Brata
1612,Ambovombe,MG,76.26,clear sky,-25.17,46.08,MONJA Talilisoa
1613,Lamu,KE,77.0,overcast clouds,-2.27,40.9,Lamu House
1616,Bonthe,SL,82.74,light rain,7.53,-12.51,Bonthe Holiday Village
1617,Pedernales,DO,78.8,light rain,18.04,-71.74,Hotel Costa Marina
1621,Coronon,PH,78.8,broken clouds,6.88,125.45,Sanjo Navarro Boarding House
1626,Chimoio,MZ,86.0,few clouds,-19.12,33.48,Predio Livraria Ahmed
1637,Chone,EC,86.68,overcast clouds,-0.68,-80.1,Vel√°zquez's
1648,Chunhuhub,MX,84.78,few clouds,19.55,-88.68,
1650,Sibolga,ID,77.94,light rain,1.74,98.78,Hotel Syariah CN Darussalam
1651,Hidalgotitlan,MX,80.6,scattered clouds,17.78,-94.63,
1656,Cateel,PH,76.89,heavy intensity rain,7.79,126.45,Edar's Place
1657,Niteroi,BR,84.2,broken clouds,-22.88,-43.1,OYO Viareggio Hotel - Niter√≥i
1658,Mutis,CO,78.98,light rain,6.23,-77.4,Paraiso Escondido
1659,Jizan,SA,84.2,few clouds,17.33,42.67,ÿ¥ŸáÿØÿßŸÜ. ÿßÿ®ŸàÿßŸÑÿ≠ÿ¨ÿ±
1661,Miramar,US,84.0,broken clouds,25.99,-80.23,Stadium Hotel
1667,San Pedro Buenavista,MX,77.0,few clouds,16.08,-93.12,
1673,Manoel Urbano,BR,93.04,overcast clouds,-8.84,-69.26,Baixada Beira Rio
1674,Cacoal,BR,83.79,overcast clouds,-11.44,-61.45,Hotel BR 364
1675,Salinopolis,BR,86.61,scattered clouds,-0.61,-47.36,Salinas Park Resort Ma√ßarico AP101
1677,Pak Phanang,TH,79.2,overcast clouds,8.35,100.2,Green Park Inn Hotel
1679,Santiago,CL,84.99,clear sky,-33.46,-70.65,Hotel Panamericano
1685,Pitimbu,BR,86.0,broken clouds,-7.47,-34.81,Reserva do Abia√≠
1686,Abengourou,CI,78.28,light rain,6.73,-3.5,Hotel des Princes
1688,Kumo,NG,89.6,haze,10.04,11.21,Ajegunle Lodge(corpers Lodge)
1693,Finschhafen,PG,78.76,moderate rain,-6.6,147.87,Cossam Guest House
1701,Micheweni,TZ,79.5,scattered clouds,-4.97,39.83,
1703,Menongue,AO,78.84,broken clouds,-14.66,17.69,Ritz Lauca
1706,Itapicuru,BR,87.75,broken clouds,-11.32,-38.23,
1710,Mumford,GH,81.28,light rain,5.26,-0.76,Spanish Villa
1715,Mpika,ZM,79.81,few clouds,-11.83,31.45,Melodies Lodge
1716,Pemba,MZ,80.6,few clouds,-12.97,40.52,Guesthouse Samotina
1720,Jawhar,SO,78.3,scattered clouds,2.78,45.5,cosoble spare parts
1723,Nicoya,CR,80.6,scattered clouds,10.15,-85.45,Guayacan Real
1726,Ranong,TH,76.06,scattered clouds,9.97,98.63,Tinidee Hotel@Ranong
1739,Tamiahua,MX,79.21,few clouds,21.27,-97.45,Mission Of The Sun Hotel
1750,Mitsamiouli,KM,79.75,scattered clouds,-11.38,43.28,Foyer ADM
1752,Frontera,MX,81.0,clear sky,26.93,-101.45,Fiesta Inn Monclova
1753,Kulhudhuffushi,MV,83.95,broken clouds,6.62,73.07,Haajy Guest House 1
1756,Kibala,TD,91.4,clear sky,9.11,18.35,
1759,Navrongo,GH,91.78,overcast clouds,10.9,-1.09,Azakka Hotel
1760,Paulo Afonso,BR,88.63,broken clouds,-9.41,-38.21,Pousada Ilha Bela
1765,Puerto Concordia,CO,91.96,light rain,2.62,-72.76,Hotel El Jard√≠n
1769,Mapiripan,CO,88.36,light rain,2.89,-72.13,Monserrate
1770,Miri,MY,77.0,moderate rain,4.41,114.01,"Mega Hotel, Miri"
1771,Fernandez,AR,81.0,overcast clouds,-27.92,-63.89,Cordoba Hunting
1776,San Buenaventura,MX,81.0,clear sky,27.08,-101.53,Hotel Gran Plaza
1782,Marica,BR,82.4,broken clouds,-22.92,-42.82,Marica Hills
1785,Montepuez,MZ,82.15,broken clouds,-13.13,39.0,RESID√äNCIAL LANCHONETE
1789,Ankpa,NG,81.81,broken clouds,7.37,7.63,AA Suites
1793,Mangochi,MW,83.7,broken clouds,-14.48,35.26,Eunice Guesthouse
1794,Santo Antonio Do Ica,BR,81.5,overcast clouds,-3.1,-67.94,Hotel Foga√ßa
1801,Chibombo,ZM,84.78,few clouds,-14.66,28.07,Chibombo District Council Guest House
1805,Muli,MV,84.18,moderate rain,2.92,73.57,Medhufushi Island Resort
1806,Temixco,MX,75.2,clear sky,18.85,-99.23,Parador De Manolos Hotel
1808,Palm City,US,82.0,broken clouds,27.17,-80.27,Clarion Inn Federal Hwy 1
1811,Castro Alves,BR,84.6,broken clouds,-12.77,-39.43,Hotel e Restaurante do Poeta
1814,Inirida,CO,87.6,light rain,3.87,-67.92,Fuente del Guania Hotel de Lujo
